title,price_usd,price_brl,rating,reviews
Asus VivoBook X441NA-GA190,295.99,1503.33,3,14
Prestigio SmartBook 133S Dark Grey,299,1518.62,2,8
Prestigio SmartBook 133S Gold,299,1518.62,4,12
Aspire E1-510,306.99,1559.2,3,2
Lenovo V110-15IAP,321.94,1635.13,3,5
Lenovo V110-15IAP,356.49,1810.61,2,6
Hewlett Packard 250 G6 Dark Ash Silver,364.46,1851.09,1,12
Acer Aspire 3 A315-31 Black,372.7,1892.94,2,2
Acer Aspire A315-31-C33J,379.94,1929.72,2,0
Acer Aspire ES1-572 Black,379.95,1929.77,4,9
Acer Aspire 3 A315-31 Black,391.48,1988.33,4,10
Acer Aspire 3 A315-21,393.88,2000.52,3,9
Asus VivoBook Max,399,2026.52,1,4
Asus VivoBook E502NA-GO022T Dark Blue,399.99,2031.55,4,3
Lenovo ThinkPad E31-80,404.23,2053.08,1,12
Acer Aspire 3 A315-31 Black,408.98,2077.21,4,10
Lenovo V110-15ISK,409.63,2080.51,3,9
Acer Aspire ES1-732 Black,410.46,2084.73,4,14
Asus VivoBook 15 X540NA-GQ026T,410.66,2085.74,4,4
Packard 255 G2,416.99,2117.89,2,2
Asus EeeBook R416NA-FA014T,433.3,2200.73,1,1
Acer Aspire 3 A315-51,436.29,2215.92,1,1
Acer Aspire ES1-572 Black,436.29,2215.92,1,2
Acer Extensa 15 (2540) Black,439.73,2233.39,4,6
Acer Aspire ES1-572 Black,454.62,2309.01,1,9
Lenovo V110-15ISK,454.73,2309.57,2,2
Acer Aspire A315-51-33TG,457.38,2323.03,3,9
Lenovo V110-15IKB,465.95,2366.56,1,7
Asus VivoBook 15 X540UA-DM260 Chocolate Black,468.56,2379.82,3,1
Acer Aspire ES1-572 Black,469.1,2382.56,3,5
Lenovo V510 Black,484.23,2459.4,3,8
Acer Aspire ES1-572 Black,485.9,2467.89,3,6
Lenovo V510 Black,487.8,2477.54,2,9
Acer Swift 1 SF113-31 Silver,488.64,2481.8,3,4
Dell Vostro 15,488.78,2482.51,4,14
Acer Aspire 3 A315-51 Black,494.71,2512.63,4,2
Dell Vostro 15 (3568) Red,497.17,2525.13,1,9
Lenovo V510 Black,498.23,2530.51,3,5
HP 250 G3,520.99,2646.11,2,13
Acer Spin 5,564.98,2869.53,2,0
HP 350 G1,577.99,2935.61,2,10
Aspire E1-572G,581.99,2955.93,1,2
Pavilion,609.99,3098.14,1,4
Acer Aspire A515-51-5654,679,3448.64,2,9
Dell Inspiron 15,679,3448.64,2,7
Asus VivoBook S14,729,3702.59,1,2
ProBook,739.99,3758.41,4,8
Inspiron 15,745.99,3788.88,3,12
Asus ROG STRIX GL553VD-DM256,799,4058.12,2,7
Acer Nitro 5 AN515-51,809,4108.91,1,0
Asus ROG STRIX GL553VD-DM256,899,4566.02,1,7
Lenovo ThinkPad L570,999,5073.92,3,11
ThinkPad Yoga,1033.99,5251.64,2,13
Lenovo ThinkPad L460,1096.02,5566.69,4,14
Dell Inspiron 15 (7567) Black,1098.42,5578.88,1,7
MSI GL72M 7RDX,1099,5581.82,4,1
MSI GL72M 7RDX,1099,5581.82,1,9
Asus ROG Strix GL553VD-DM535T,1101.83,5596.19,2,4
Dell Latitude 5280,1102.66,5600.41,1,8
Dell Latitude 5480,1110.14,5638.4,3,4
Lenovo Legion Y520-15IKBM,1112.91,5652.47,4,1
Toshiba Portege Z30-C-16J Grey,1114.55,5660.8,1,0
Acer Predator Helios 300 (PH317-51),1123.87,5708.14,2,1
Acer Aspire 7 A715-71G,1123.87,5708.14,2,4
Dell Inspiron 17 2in1 (7779) Silver,1124.2,5709.81,3,10
Dell Latitude 5480,1133.82,5758.67,4,14
Lenovo Legion Y520,1133.91,5759.13,1,13
Asus AsusPro Advanced BU401LA-FA271G Dark Grey,1139.54,5787.72,3,7
Acer Nitro 5 AN515-51,1140.62,5793.21,3,14
Dell Latitude 5480,1143.4,5807.33,4,5
Dell Inspiron 15 (7567) Black,1144.2,5811.39,1,2
Dell Latitude 5580,1144.4,5812.41,3,10
Lenovo Legion Y520-15IKBM,1149,5835.77,3,11
MSI GP62M 7RDX Leopard,1149,5835.77,1,11
Lenovo Yoga 720 Grey,1149.73,5839.48,2,12
Toshiba Portege Z30-C-16L Grey,1154.04,5861.37,1,7
Acer TravelMate P645-S-511A Black,1170.1,5942.94,1,0
Dell Latitude 5580,1178.19,5984.03,3,6
ThinkPad T540p,1178.99,5988.09,1,2
MSI GS63 7RD Stealth,1179,5988.14,1,2
Dell Latitude 5480,1187.88,6033.24,3,5
Acer Predator Helios 300 (PH317-51),1187.98,6033.75,3,14
MSI GL62M 7REX,1199,6089.72,1,7
MSI GL62M 7REX2,1199,6089.72,2,12
Lenovo Yoga 910 Grey,1199.73,6093.43,3,7
Toshiba Portege X30-D-10J Black/Blue,1203.41,6112.12,4,13
Lenovo IdeaPad Miix 510 Platinum Silver,1212.16,6156.56,4,0
Acer Predator Helios 300 (PH317-51),1221.58,6204.4,1,9
ThinkPad Yoga,1223.99,6216.65,3,2
Asus VivoBook Pro 15 N580VN-FI006T Gold Metal,1235.49,6275.05,2,10
Dell Latitude 5480,1238.37,6289.68,2,0
Asus ZenBook UX530UX-FY040T Blue,1239.2,6293.9,1,14
ThinkPad X230,1244.99,6323.3,3,10
Asus ROG Strix GL753VE-GC096T,1259,6394.46,4,7
"Apple MacBook Air 13""",1260.13,6400.2,4,8
Dell Latitude 5480,1271.06,6455.71,1,13
Hewlett Packard Spectre 13-v106na Dark Ash Silver,1273.11,6466.13,3,8
Dell XPS 13,1281.99,6511.23,3,4
Toshiba Portege Z30-C-16K Grey,1294.74,6575.98,1,6
MSI GL62VR 7RFX,1299,6597.62,3,1
Dell Latitude 5480,1310.39,6655.47,3,8
ThinkPad X240,1311.99,6663.6,3,12
Hewlett Packard ProBook 640 G3,1326.83,6738.97,1,2
"Apple MacBook Pro 13"" Space Gray",1333,6770.31,1,0
Dell Latitude 5580,1337.28,6792.05,1,6
Dell Latitude 5480,1338.37,6797.58,2,11
Dell Latitude 5580,1341.22,6812.06,3,3
"Apple MacBook Air 13""",1347.78,6845.37,2,11
Lenovo ThinkPad T470,1349.23,6852.74,1,5
Lenovo ThinkPad Yoga 370 Black,1362.24,6918.82,2,12
Toshiba Portege X20W-D-10V Black/Blue,1366.32,6939.54,1,11
Asus ASUSPRO B9440UA-GV0279R Gray,1381.13,7014.76,1,4
Lenovo Legion Y720,1399,7105.52,3,8
Asus ROG Strix GL702VM-GC146T,1399,7105.52,3,10
Asus ROG Strix GL702ZC-GC154T,1769,8984.75,4,7
Asus ROG Strix GL702ZC-GC209T,1769,8984.75,1,8
Asus ROG Strix SCAR Edition GL503VM-ED115T,1799,9137.12,3,8
